{
    "loss": 2.1162662506103516,
    "accuracy": 0.6724137663841248
}