{
    "loss": 2.8280656337738037,
    "accuracy": 0.7844827771186829
}